{"english":{"e":0.13984889889085356,"f":0.022343674650377753,"c":0.028773509082141133,"t":0.0781224883459251,"s":0.07265712907892621,"p":0.028773509082141133,"r":0.07024594116701495,"n":0.0749075711300434,"l":0.0374537855650217,"i":0.07458607940845523,"q":0.0024111879119112683,"u":0.03279215560199325,"y":0.020253978460054653,"o":0.06879922841986819,"a":0.07104967047098537,"m":0.02652306703102395,"v":0.010287735090821412,"d":0.05031345442854847,"b":0.014788619193055779,"h":0.033435139045169586,"g":0.017842790548143386,"k":0.004500884102234368,"w":0.013663398167497186,"x":0.003214917215881691,"j":0.002089696190323099,"z":0.00032149172158816913},"german":{"e":0.1645650100667585,"r":0.06622867436685387,"h":0.05605594998410512,"b":0.02702129914167638,"a":0.0686658895835541,"n":0.0928261099925824,"o":0.029776411995337503,"c":0.028610787326480872,"m":0.028822719084454804,"l":0.04365794214263007,"s":0.06453322030306241,"u":0.04620112323831726,"t":0.06357952739217972,"i":0.06506304969799724,"z":0.010808519656670552,"g":0.04185652219985165,"w":0.01663664300095369,"f":0.018014199427784254,"d":0.03147186605912896,"k":0.017696301790823356,"v":0.0061460209812440394,"j":0.003814771643530783,"p":0.007947440924022465},"italian":{"m":0.0312333439931777,"i":0.1107557829655687,"n":0.05926873467647372,"e":0.11310094872614859,"u":0.030380556443875918,"d":0.032832320648118536,"v":0.028994776676260527,"o":0.09433962264150944,"l":0.045304338556657074,"t":0.06779661016949153,"a":0.12013644600788828,"s":0.059162136232811004,"p":0.027715595352307856,"c":0.041679991472124506,"b":0.0118324272465622,"r":0.0719539494723377,"f":0.012365419464875812,"z":0.007035497281739686,"h":0.013751199232491206,"g":0.016309561880396548,"q":0.0027715595352307857,"x":0.0011725828802899478,"k":0.00010659844366272253}}