{"english":{"a":0.07104967047098537,"b":0.014788619193055779,"c":0.028773509082141133,"d":0.05031345442854847,"e":0.13984889889085356,"f":0.022343674650377753,"g":0.017842790548143386,"h":0.033435139045169586,"i":0.07458607940845523,"j":0.002089696190323099,"k":0.004500884102234368,"l":0.0374537855650217,"m":0.02652306703102395,"n":0.0749075711300434,"o":0.06879922841986819,"p":0.028773509082141133,"q":0.0024111879119112683,"r":0.07024594116701495,"s":0.07265712907892621,"t":0.0781224883459251,"u":0.03279215560199325,"v":0.010287735090821412,"w":0.013663398167497186,"x":0.003214917215881691,"y":0.020253978460054653,"z":0.00032149172158816913},"german":{"a":0.0686658895835541,"b":0.02702129914167638,"c":0.028610787326480872,"d":0.03147186605912896,"e":0.1645650100667585,"f":0.018014199427784254,"g":0.04185652219985165,"h":0.05605594998410512,"i":0.06506304969799724,"j":0.003814771643530783,"k":0.017696301790823356,"l":0.04365794214263007,"m":0.028822719084454804,"n":0.0928261099925824,"o":0.029776411995337503,"p":0.007947440924022465,"q":0,"r":0.06622867436685387,"s":0.06453322030306241,"t":0.06357952739217972,"u":0.04620112323831726,"v":0.0061460209812440394,"w":0.01663664300095369,"x":0,"y":0,"z":0.010808519656670552},"italian":{"a":0.12013644600788828,"b":0.0118324272465622,"c":0.041679991472124506,"d":0.032832320648118536,"e":0.11310094872614859,"f":0.012365419464875812,"g":0.016309561880396548,"h":0.013751199232491206,"i":0.1107557829655687,"j":0,"k":0.00010659844366272253,"l":0.045304338556657074,"m":0.0312333439931777,"n":0.05926873467647372,"o":0.09433962264150944,"p":0.027715595352307856,"q":0.0027715595352307857,"r":0.0719539494723377,"s":0.059162136232811004,"t":0.06779661016949153,"u":0.030380556443875918,"v":0.028994776676260527,"w":0,"x":0.0011725828802899478,"y":0,"z":0.007035497281739686}}